date,channel,views,watch_minutes,subscribers_gained,subscribers_lost
2026-09-10,etnet,40261,262142,35,29
2026-09-11,etnet,15560,48446,16,19
2026-09-12,etnet,10579,24303,25,14
2026-09-13,etnet,25131,143736,27,22
2026-09-14,etnet,30834,182878,41,24
2026-09-15,etnet,58932,251455,48,21
2026-09-16,etnet,49828,382050,46,22
2026-09-17,etnet,33274,226970,43,32
2026-09-18,etnet,12649,43748,17,20
2026-09-19,etnet,8721,22915,20,11
2026-09-20,etnet,18163,110453,19,17
2026-09-21,etnet,24477,157225,17,27
2026-09-22,etnet,40293,206853,33,23
2026-09-23,etnet,45516,330102,38,17
2026-09-24,etnet,32873,199059,26,15
2026-09-25,etnet,13814,42373,16,19
2026-09-26,etnet,10049,23513,18,27
2026-09-27,etnet,25423,150574,31,30
2026-09-28,etnet,27863,145387,16,18
2026-09-29,etnet,42084,189821,28,25
2026-09-30,etnet,31361,120623,29,13
2026-10-01,etnet,32433,134436,36,21
2026-10-02,etnet,39955,94532,55,27
2026-10-03,etnet,24801,51803,42,12
2026-10-04,etnet,35374,172754,59,42
2026-10-05,etnet,38268,178868,54,36
2026-10-06,etnet,49663,217344,45,30
2026-10-07,etnet,70485,420333,84,24
2026-09-10,25度生活,1212,3339,8,3
2026-09-11,25度生活,963,2453,4,2
2026-09-12,25度生活,995,2363,0,3
2026-09-13,25度生活,1200,3124,2,4
2026-09-14,25度生活,1029,2788,6,2
2026-09-15,25度生活,992,2051,1,2
2026-09-16,25度生活,12792,59347,34,6
2026-09-17,25度生活,5003,22310,13,3
2026-09-18,25度生活,5894,15452,9,3
2026-09-19,25度生活,3028,7213,7,4
2026-09-20,25度生活,2456,6482,7,3
2026-09-21,25度生活,1827,5210,2,1
2026-09-22,25度生活,1794,4167,5,1
2026-09-23,25度生活,1480,3358,6,0
2026-09-24,25度生活,1232,2343,3,1
2026-09-25,25度生活,951,1960,2,2
2026-09-26,25度生活,981,2252,3,2
2026-09-27,25度生活,971,2380,3,3
2026-09-28,25度生活,995,3173,5,4
2026-09-29,25度生活,960,2489,2,2
2026-09-30,25度生活,22307,87070,79,8
2026-10-01,25度生活,8577,31493,27,3
2026-10-02,25度生活,6271,19250,16,3
2026-10-03,25度生活,3428,11207,7,4
2026-10-04,25度生活,4127,13365,18,3
2026-10-05,25度生活,2852,8828,10,3
2026-10-06,25度生活,2470,6470,16,2
2026-10-07,25度生活,1900,4584,7,3
2026-09-10,健康好人生,5051,13431,12,5
2026-09-11,健康好人生,4474,11194,10,9
2026-09-12,健康好人生,4310,10243,11,8
2026-09-13,健康好人生,4843,12719,13,7
2026-09-14,健康好人生,13745,37486,49,11
2026-09-15,健康好人生,8284,22503,25,10
2026-09-16,健康好人生,12398,31058,53,13
2026-09-17,健康好人生,8261,24466,28,7
2026-09-18,健康好人生,9407,23355,35,10
2026-09-19,健康好人生,11271,27993,35,8
2026-09-20,健康好人生,9608,23341,35,6
2026-09-21,健康好人生,11114,18622,36,10
2026-09-22,健康好人生,7660,16909,31,8
2026-09-23,健康好人生,6654,14836,27,7
2026-09-24,健康好人生,13983,26715,28,7
2026-09-25,健康好人生,9503,18794,25,9
2026-09-26,健康好人生,6508,13925,14,9
2026-09-27,健康好人生,6794,16267,11,5
2026-09-28,健康好人生,12875,31338,23,8
2026-09-29,健康好人生,18931,45119,96,20
2026-09-30,健康好人生,19418,47055,72,19
2026-10-01,健康好人生,16412,36820,86,20
2026-10-02,健康好人生,14313,30462,20,8
2026-10-03,健康好人生,14623,30816,35,10
2026-10-04,健康好人生,10470,27049,36,11
2026-10-05,健康好人生,9192,23541,18,5
2026-10-06,健康好人生,8812,17260,23,9
2026-10-07,健康好人生,7499,17801,15,7
